ticket_id,customer_name,subject,body,category,priority,channel,created_at,resolved_at,resolution_notes,csat_score,_true_root_cause
175a559e,Cameron,Billed for a plan I already cancelled,"Billed for a plan I already cancelled. Can you explain this line item, it doesn't match what we agreed on the call.",Billing,high,phone,2026-04-18T15:09:00,2026-04-21T02:09:00,"Resolved after troubleshooting with customer; workaround provided, underlying issue not yet fixed in product.",4,rc_invoice_confusion
6ea2b4fc,Lucas,Reset link says expired immediately after I click it,"Reset link says expired immediately after I click it. This has happened every time I try to reset, not just once. Checked spam folder, nothing there.",Account Access,urgent,web_form,2026-05-04T12:20:00,2026-05-05T16:20:00,"Resolved after troubleshooting with customer; workaround provided, underlying issue not yet fixed in product.",2,rc_password_reset_loop
c1814ab1,Ines,Discount code not applying at checkout,"Discount code not applying at checkout. I double checked the code is correct, copy-pasted it directly from your email.",Billing,low,chat,2026-05-23T10:45:00,2026-05-25T23:45:00,"Resolved after troubleshooting with customer; workaround provided, underlying issue not yet fixed in product.",1,rc_checkout_promo_fail
b67b0ae7,Grace,"Can't log in, reset password page just spins forever","Can't log in, reset password page just spins forever. This has happened every time I try to reset, not just once. Checked spam folder, nothing there.",Account Access,urgent,phone,2026-06-11T13:38:00,2026-06-12T18:38:00,"Resolved after troubleshooting with customer; workaround provided, underlying issue not yet fixed in product.",3,rc_password_reset_loop
e8f06645,Lucas,My invoice shows a charge I don't recognize,"My invoice shows a charge I don't recognize. Can you explain this line item, it doesn't match what we agreed on the call.",Billing,high,web_form,2026-04-20T07:12:00,2026-04-23T03:12:00,"Resolved after troubleshooting with customer; workaround provided, underlying issue not yet fixed in product.",2,rc_invoice_confusion
c084d47c,Elena,"Coupon SAVE10 worked yesterday, now it says expired","Coupon SAVE10 worked yesterday, now it says expired. I double checked the code is correct, copy-pasted it directly from your email.",Billing,low,chat,2026-04-15T00:54:00,2026-04-16T20:54:00,"Resolved after troubleshooting with customer; workaround provided, underlying issue not yet fixed in product.",4,rc_checkout_promo_fail
c4fa71dd,Wei,Discount code not applying at checkout,"Discount code not applying at checkout. I double checked the code is correct, copy-pasted it directly from your email.",Billing,urgent,chat,2026-04-30T17:15:00,2026-05-02T09:15:00,"Resolved after troubleshooting with customer; workaround provided, underlying issue not yet fixed in product.",2,rc_checkout_promo_fail
53f7086b,Jordan,Setup wizard closed itself before I finished,"Setup wizard closed itself before I finished. Would help to have a clearer walkthrough, I almost gave up.",Onboarding,high,phone,2026-04-16T09:05:00,2026-04-17T06:05:00,"Resolved after troubleshooting with customer; workaround provided, underlying issue not yet fixed in product.",3,rc_onboarding_confusion
b800a7c9,Lucas,"Can't log in, reset password page just spins forever","Can't log in, reset password page just spins forever. This has happened every time I try to reset, not just once. Checked spam folder, nothing there.",Account Access,medium,chat,2026-05-31T01:18:00,2026-06-02T06:18:00,"Resolved after troubleshooting with customer; workaround provided, underlying issue not yet fixed in product.",4,rc_password_reset_loop
d34dd307,Elena,Upload gets stuck at 5% then app force closes,"Upload gets stuck at 5% then app force closes. Happens on every attempt, only on mobile, works fine on the website.",Technical / Bug,low,phone,2026-06-09T15:28:00,2026-06-10T02:28:00,"Resolved after troubleshooting with customer; workaround provided, underlying issue not yet fixed in product.",4,rc_mobile_upload_crash
f40b784f,Omar,Exported report doesn't match what I see in the dashboard,"Exported report doesn't match what I see in the dashboard. This is blocking our monthly reporting, need this fixed urgently.",Technical / Bug,high,phone,2026-04-10T01:10:00,2026-04-11T17:10:00,"Resolved after troubleshooting with customer; workaround provided, underlying issue not yet fixed in product.",1,rc_export_missing_data
cfc83cbb,Fatima,Downloaded export file is empty,"Downloaded export file is empty. This is blocking our monthly reporting, need this fixed urgently.",Technical / Bug,urgent,email,2026-04-04T15:06:00,2026-04-06T05:06:00,"Resolved after troubleshooting with customer; workaround provided, underlying issue not yet fixed in product.",1,rc_export_missing_data
f5655836,Sam,Asking about data residency for EU customers,"Asking about data residency for EU customers. Just curious, not urgent.",General Inquiry,low,phone,2026-05-01T01:00:00,2026-05-01T17:00:00,"Answered directly, no follow-up needed.",4,none
a5542014,Fatima,Charged for 6 seats but we only have 1 users,"Charged for 6 seats but we only have 1 users. Can you explain this line item, it doesn't match what we agreed on the call.",Billing,medium,chat,2026-05-20T13:11:00,2026-05-23T04:11:00,"Resolved after troubleshooting with customer; workaround provided, underlying issue not yet fixed in product.",3,rc_invoice_confusion
07d80414,Sam,Reset link says expired immediately after I click it,"Reset link says expired immediately after I click it. This has happened every time I try to reset, not just once. Checked spam folder, nothing there.",Account Access,urgent,phone,2026-04-10T05:00:00,2026-04-12T10:00:00,"Resolved after troubleshooting with customer; workaround provided, underlying issue not yet fixed in product.",2,rc_password_reset_loop
ae558c91,Diego,Exported report doesn't match what I see in the dashboard,"Exported report doesn't match what I see in the dashboard. This is blocking our monthly reporting, need this fixed urgently.",Technical / Bug,low,phone,2026-06-04T15:16:00,2026-06-04T22:16:00,"Resolved after troubleshooting with customer; workaround provided, underlying issue not yet fixed in product.",2,rc_export_missing_data
f708fad8,Jamie,"Requested a new password 6 times, nothing in my inbox","Requested a new password 6 times, nothing in my inbox. This has happened every time I try to reset, not just once. Checked spam folder, nothing there.",Account Access,high,chat,2026-04-11T12:55:00,2026-04-13T04:55:00,"Resolved after troubleshooting with customer; workaround provided, underlying issue not yet fixed in product.",2,rc_password_reset_loop
cd9d0671,Priya,Onboarding checklist is stuck at step 2 for no reason,"Onboarding checklist is stuck at step 2 for no reason. Would help to have a clearer walkthrough, I almost gave up.",Onboarding,high,chat,2026-06-05T11:01:00,2026-06-07T10:01:00,"Resolved after troubleshooting with customer; workaround provided, underlying issue not yet fixed in product.",2,rc_onboarding_confusion
586c78d9,Alex,Reset link takes me to an error page,"Reset link takes me to an error page. This has happened every time I try to reset, not just once. Checked spam folder, nothing there.",Account Access,urgent,web_form,2026-04-15T14:07:00,2026-04-16T10:07:00,"Resolved after troubleshooting with customer; workaround provided, underlying issue not yet fixed in product.",3,rc_password_reset_loop
226810a8,Omar,API key seems valid but every request fails,API key seems valid but every request fails. This broke our production integration with no warning.,Technical / Bug,low,phone,2026-06-24T21:22:00,2026-06-25T19:22:00,"Resolved after troubleshooting with customer; workaround provided, underlying issue not yet fixed in product.",2,rc_api_rate_limit_unclear
9122f21d,Lucas,"Integration broke overnight, API returns errors now","Integration broke overnight, API returns errors now. This broke our production integration with no warning.",Technical / Bug,high,phone,2026-05-19T15:00:00,2026-05-21T13:00:00,"Resolved after troubleshooting with customer; workaround provided, underlying issue not yet fixed in product.",3,rc_api_rate_limit_unclear
31a9d718,Wei,API key seems valid but every request fails,API key seems valid but every request fails. This broke our production integration with no warning.,Technical / Bug,urgent,web_form,2026-06-23T03:53:00,2026-06-25T18:53:00,"Resolved after troubleshooting with customer; workaround provided, underlying issue not yet fixed in product.",1,rc_api_rate_limit_unclear
676653b6,Morgan,"Locked out of my account, reset flow is broken","Locked out of my account, reset flow is broken. This has happened every time I try to reset, not just once. Checked spam folder, nothing there.",Account Access,urgent,email,2026-05-23T10:34:00,2026-05-25T22:34:00,"Resolved after troubleshooting with customer; workaround provided, underlying issue not yet fixed in product.",2,rc_password_reset_loop
40638027,Grace,"How do I turn off notifications, settings page doesn't save","How do I turn off notifications, settings page doesn't save. I've tried unsubscribing multiple times through the link in the email itself.",Product Feedback,low,phone,2026-05-02T04:41:00,2026-05-02T05:41:00,"Resolved after troubleshooting with customer; workaround provided, underlying issue not yet fixed in product.",2,rc_notification_spam
6a15f969,Noah,"Coupon SAVE10 worked yesterday, now it says expired","Coupon SAVE10 worked yesterday, now it says expired. I double checked the code is correct, copy-pasted it directly from your email.",Billing,high,phone,2026-05-26T04:56:00,2026-05-27T14:56:00,"Resolved after troubleshooting with customer; workaround provided, underlying issue not yet fixed in product.",2,rc_checkout_promo_fail
c1a779d0,Omar,Confused about what to do after signing up,"Confused about what to do after signing up. Would help to have a clearer walkthrough, I almost gave up.",Onboarding,high,email,2026-06-07T23:17:00,2026-06-10T20:17:00,"Resolved after troubleshooting with customer; workaround provided, underlying issue not yet fixed in product.",3,rc_onboarding_confusion
16094720,Elena,Exported report doesn't match what I see in the dashboard,"Exported report doesn't match what I see in the dashboard. This is blocking our monthly reporting, need this fixed urgently.",Technical / Bug,high,web_form,2026-04-18T16:18:00,2026-04-19T22:18:00,"Resolved after troubleshooting with customer; workaround provided, underlying issue not yet fixed in product.",2,rc_export_missing_data
ed5d91c1,Alex,Billed for a plan I already cancelled,"Billed for a plan I already cancelled. Can you explain this line item, it doesn't match what we agreed on the call.",Billing,medium,email,2026-05-03T05:07:00,2026-05-03T09:07:00,"Resolved after troubleshooting with customer; workaround provided, underlying issue not yet fixed in product.",2,rc_invoice_confusion
46dcbf1e,Drew,Export button spins forever and never downloads anything,"Export button spins forever and never downloads anything. This is blocking our monthly reporting, need this fixed urgently.",Technical / Bug,medium,email,2026-06-18T23:37:00,2026-06-20T06:37:00,"Resolved after troubleshooting with customer; workaround provided, underlying issue not yet fixed in product.",4,rc_export_missing_data
4d8346b6,Grace,CSV export is missing half my records,"CSV export is missing half my records. This is blocking our monthly reporting, need this fixed urgently.",Technical / Bug,low,web_form,2026-04-26T02:37:00,2026-04-27T10:37:00,"Resolved after troubleshooting with customer; workaround provided, underlying issue not yet fixed in product.",4,rc_export_missing_data
2b146655,Grace,Invoice total doesn't match what the pricing page says,"Invoice total doesn't match what the pricing page says. Can you explain this line item, it doesn't match what we agreed on the call.",Billing,urgent,web_form,2026-04-20T14:04:00,2026-04-23T03:04:00,"Resolved after troubleshooting with customer; workaround provided, underlying issue not yet fixed in product.",2,rc_invoice_confusion
7289adcf,Priya,Applied WELCOME20 and got charged full price anyway,"Applied WELCOME20 and got charged full price anyway. I double checked the code is correct, copy-pasted it directly from your email.",Billing,low,web_form,2026-04-20T02:18:00,2026-04-20T15:18:00,"Resolved after troubleshooting with customer; workaround provided, underlying issue not yet fixed in product.",3,rc_checkout_promo_fail
c29f7548,Morgan,Charged for 6 seats but we only have 1 users,"Charged for 6 seats but we only have 1 users. Can you explain this line item, it doesn't match what we agreed on the call.",Billing,low,phone,2026-06-11T21:51:00,2026-06-13T19:51:00,"Resolved after troubleshooting with customer; workaround provided, underlying issue not yet fixed in product.",4,rc_invoice_confusion
f052f51b,Morgan,"Can't log in, reset password page just spins forever","Can't log in, reset password page just spins forever. This has happened every time I try to reset, not just once. Checked spam folder, nothing there.",Account Access,urgent,email,2026-04-27T16:30:00,2026-04-29T13:30:00,"Resolved after troubleshooting with customer; workaround provided, underlying issue not yet fixed in product.",3,rc_password_reset_loop
dca36302,Drew,Checkout won't accept any promo code I try,"Checkout won't accept any promo code I try. I double checked the code is correct, copy-pasted it directly from your email.",Billing,high,phone,2026-05-07T22:13:00,2026-05-10T13:13:00,"Resolved after troubleshooting with customer; workaround provided, underlying issue not yet fixed in product.",2,rc_checkout_promo_fail
1b90472a,Sam,"Getting way too many notification emails, please stop","Getting way too many notification emails, please stop. I've tried unsubscribing multiple times through the link in the email itself.",Product Feedback,low,chat,2026-06-07T13:49:00,2026-06-09T18:49:00,"Resolved after troubleshooting with customer; workaround provided, underlying issue not yet fixed in product.",2,rc_notification_spam
c817c036,Fatima,Reset link says expired immediately after I click it,"Reset link says expired immediately after I click it. This has happened every time I try to reset, not just once. Checked spam folder, nothing there.",Account Access,high,web_form,2026-05-09T18:46:00,2026-05-09T20:46:00,"Resolved after troubleshooting with customer; workaround provided, underlying issue not yet fixed in product.",4,rc_password_reset_loop
99ab0d3d,Casey,Mobile app closes itself when I attach a file,"Mobile app closes itself when I attach a file. Happens on every attempt, only on mobile, works fine on the website.",Technical / Bug,high,chat,2026-05-13T13:51:00,2026-05-14T21:51:00,"Resolved after troubleshooting with customer; workaround provided, underlying issue not yet fixed in product.",4,rc_mobile_upload_crash
1ce1c34d,Jamie,Promo code WELCOME20 says invalid but it's active on your site,"Promo code WELCOME20 says invalid but it's active on your site. I double checked the code is correct, copy-pasted it directly from your email.",Billing,medium,phone,2026-04-03T14:20:00,2026-04-05T20:20:00,"Resolved after troubleshooting with customer; workaround provided, underlying issue not yet fixed in product.",4,rc_checkout_promo_fail
d18337d0,Drew,Mobile app closes itself when I attach a file,"Mobile app closes itself when I attach a file. Happens on every attempt, only on mobile, works fine on the website.",Technical / Bug,low,chat,2026-06-20T09:39:00,2026-06-23T06:39:00,"Resolved after troubleshooting with customer; workaround provided, underlying issue not yet fixed in product.",3,rc_mobile_upload_crash
b9d9615b,Elena,"Not sure how to set up my first project, no guidance","Not sure how to set up my first project, no guidance. Would help to have a clearer walkthrough, I almost gave up.",Onboarding,high,chat,2026-05-24T15:29:00,2026-05-25T18:29:00,"Resolved after troubleshooting with customer; workaround provided, underlying issue not yet fixed in product.",2,rc_onboarding_confusion
ffb5640b,Casey,CSV export is missing half my records,"CSV export is missing half my records. This is blocking our monthly reporting, need this fixed urgently.",Technical / Bug,high,chat,2026-06-05T06:57:00,2026-06-07T03:57:00,"Resolved after troubleshooting with customer; workaround provided, underlying issue not yet fixed in product.",2,rc_export_missing_data
0bd2bd5b,Diego,Photo upload freezes and then app quits,"Photo upload freezes and then app quits. Happens on every attempt, only on mobile, works fine on the website.",Technical / Bug,high,phone,2026-05-11T05:25:00,2026-05-12T20:25:00,"Resolved after troubleshooting with customer; workaround provided, underlying issue not yet fixed in product.",4,rc_mobile_upload_crash
8587371d,Drew,Charged for 3 seats but we only have 2 users,"Charged for 3 seats but we only have 2 users. Can you explain this line item, it doesn't match what we agreed on the call.",Billing,low,phone,2026-06-18T21:24:00,2026-06-20T17:24:00,"Resolved after troubleshooting with customer; workaround provided, underlying issue not yet fixed in product.",2,rc_invoice_confusion
ddcfcc7f,Fatima,"Where do I invite my team, can't find the option","Where do I invite my team, can't find the option. Would help to have a clearer walkthrough, I almost gave up.",Onboarding,low,web_form,2026-05-31T00:47:00,2026-06-02T22:47:00,"Resolved after troubleshooting with customer; workaround provided, underlying issue not yet fixed in product.",2,rc_onboarding_confusion
e2b4a704,Grace,"Export only includes data from the last 7 days, I need 90","Export only includes data from the last 7 days, I need 90. This is blocking our monthly reporting, need this fixed urgently.",Technical / Bug,urgent,chat,2026-06-07T14:00:00,2026-06-08T09:00:00,"Resolved after troubleshooting with customer; workaround provided, underlying issue not yet fixed in product.",1,rc_export_missing_data
be0a4bb9,Lucas,Why was I charged twice this month?,"Why was I charged twice this month?. Can you explain this line item, it doesn't match what we agreed on the call.",Billing,medium,phone,2026-04-29T16:47:00,2026-05-02T11:47:00,"Resolved after troubleshooting with customer; workaround provided, underlying issue not yet fixed in product.",2,rc_invoice_confusion
92c8b837,Priya,"Too many emails, I already turned these off once","Too many emails, I already turned these off once. I've tried unsubscribing multiple times through the link in the email itself.",Product Feedback,urgent,chat,2026-04-23T12:20:00,2026-04-25T02:20:00,"Resolved after troubleshooting with customer; workaround provided, underlying issue not yet fixed in product.",2,rc_notification_spam
4b526452,Fatima,"Not sure how to set up my first project, no guidance","Not sure how to set up my first project, no guidance. Would help to have a clearer walkthrough, I almost gave up.",Onboarding,low,phone,2026-05-29T22:58:00,2026-05-31T21:58:00,"Resolved after troubleshooting with customer; workaround provided, underlying issue not yet fixed in product.",1,rc_onboarding_confusion
4375568e,Alex,"Can't log in, reset password page just spins forever","Can't log in, reset password page just spins forever. This has happened every time I try to reset, not just once. Checked spam folder, nothing there.",Account Access,medium,phone,2026-06-11T07:36:00,2026-06-14T02:36:00,"Resolved after troubleshooting with customer; workaround provided, underlying issue not yet fixed in product.",2,rc_password_reset_loop
60d473c2,Casey,Promo code SAVE10 says invalid but it's active on your site,"Promo code SAVE10 says invalid but it's active on your site. I double checked the code is correct, copy-pasted it directly from your email.",Billing,low,chat,2026-04-09T12:31:00,2026-04-09T22:31:00,"Resolved after troubleshooting with customer; workaround provided, underlying issue not yet fixed in product.",2,rc_checkout_promo_fail
23cd739d,Jordan,Is there a Zapier integration,"Is there a Zapier integration. Just curious, not urgent.",General Inquiry,low,chat,2026-05-21T09:00:00,2026-05-23T03:00:00,"Answered directly, no follow-up needed.",5,none
d73e288e,Morgan,Request to change account email address,"Request to change account email address. Just curious, not urgent.",General Inquiry,low,chat,2026-05-09T04:00:00,2026-05-10T05:00:00,"Answered directly, no follow-up needed.",4,none
453d9579,Jamie,"Integration broke overnight, API returns errors now","Integration broke overnight, API returns errors now. This broke our production integration with no warning.",Technical / Bug,urgent,web_form,2026-05-24T23:06:00,2026-05-26T16:06:00,"Resolved after troubleshooting with customer; workaround provided, underlying issue not yet fixed in product.",4,rc_api_rate_limit_unclear
83073ff0,Omar,Onboarding checklist is stuck at step 2 for no reason,"Onboarding checklist is stuck at step 2 for no reason. Would help to have a clearer walkthrough, I almost gave up.",Onboarding,high,web_form,2026-06-23T06:48:00,2026-06-24T19:48:00,"Resolved after troubleshooting with customer; workaround provided, underlying issue not yet fixed in product.",4,rc_onboarding_confusion
e2d05bf8,Riley,Setup wizard closed itself before I finished,"Setup wizard closed itself before I finished. Would help to have a clearer walkthrough, I almost gave up.",Onboarding,urgent,chat,2026-06-27T15:26:00,2026-06-30T00:26:00,"Resolved after troubleshooting with customer; workaround provided, underlying issue not yet fixed in product.",1,rc_onboarding_confusion
d2e35c97,Fatima,Promo code LOYAL15 says invalid but it's active on your site,"Promo code LOYAL15 says invalid but it's active on your site. I double checked the code is correct, copy-pasted it directly from your email.",Billing,urgent,web_form,2026-05-18T21:47:00,2026-05-20T07:47:00,"Resolved after troubleshooting with customer; workaround provided, underlying issue not yet fixed in product.",1,rc_checkout_promo_fail
0e3dd5cf,Drew,Asking about data residency for EU customers,"Asking about data residency for EU customers. Just curious, not urgent.",General Inquiry,low,email,2026-05-11T04:00:00,2026-05-11T20:00:00,"Answered directly, no follow-up needed.",4,none
d521a54f,Drew,Billed for a plan I already cancelled,"Billed for a plan I already cancelled. Can you explain this line item, it doesn't match what we agreed on the call.",Billing,low,web_form,2026-04-12T02:05:00,2026-04-14T10:05:00,"Resolved after troubleshooting with customer; workaround provided, underlying issue not yet fixed in product.",2,rc_invoice_confusion
5ea82ed9,Fatima,Upload gets stuck at 5% then app force closes,"Upload gets stuck at 5% then app force closes. Happens on every attempt, only on mobile, works fine on the website.",Technical / Bug,medium,email,2026-06-12T06:37:00,2026-06-15T04:37:00,"Resolved after troubleshooting with customer; workaround provided, underlying issue not yet fixed in product.",4,rc_mobile_upload_crash
a4cef905,Jordan,Exported report doesn't match what I see in the dashboard,"Exported report doesn't match what I see in the dashboard. This is blocking our monthly reporting, need this fixed urgently.",Technical / Bug,medium,web_form,2026-06-03T20:28:00,2026-06-04T03:28:00,"Resolved after troubleshooting with customer; workaround provided, underlying issue not yet fixed in product.",3,rc_export_missing_data
3a12d7cf,Jordan,"Integration broke overnight, API returns errors now","Integration broke overnight, API returns errors now. This broke our production integration with no warning.",Technical / Bug,low,phone,2026-05-12T03:49:00,2026-05-14T07:49:00,"Resolved after troubleshooting with customer; workaround provided, underlying issue not yet fixed in product.",3,rc_api_rate_limit_unclear
90ef9cee,Lucas,Why was I charged twice this month?,"Why was I charged twice this month?. Can you explain this line item, it doesn't match what we agreed on the call.",Billing,high,email,2026-06-13T13:11:00,2026-06-14T00:11:00,"Resolved after troubleshooting with customer; workaround provided, underlying issue not yet fixed in product.",3,rc_invoice_confusion
af993b2d,Drew,"Requested a new password 5 times, nothing in my inbox","Requested a new password 5 times, nothing in my inbox. This has happened every time I try to reset, not just once. Checked spam folder, nothing there.",Account Access,urgent,email,2026-06-10T12:27:00,2026-06-11T12:27:00,"Resolved after troubleshooting with customer; workaround provided, underlying issue not yet fixed in product.",3,rc_password_reset_loop
5bff3880,Jamie,"Can't attach images on the iOS app, it just crashes","Can't attach images on the iOS app, it just crashes. Happens on every attempt, only on mobile, works fine on the website.",Technical / Bug,low,phone,2026-04-25T23:48:00,2026-04-26T14:48:00,"Resolved after troubleshooting with customer; workaround provided, underlying issue not yet fixed in product.",3,rc_mobile_upload_crash
892c6017,Ines,"Too many emails, I already turned these off once","Too many emails, I already turned these off once. I've tried unsubscribing multiple times through the link in the email itself.",Product Feedback,urgent,phone,2026-06-18T23:57:00,2026-06-21T16:57:00,"Resolved after troubleshooting with customer; workaround provided, underlying issue not yet fixed in product.",2,rc_notification_spam
359a649b,Diego,Getting 429 errors with no explanation of why,Getting 429 errors with no explanation of why. This broke our production integration with no warning.,Technical / Bug,medium,chat,2026-05-18T10:35:00,2026-05-20T09:35:00,"Resolved after troubleshooting with customer; workaround provided, underlying issue not yet fixed in product.",3,rc_api_rate_limit_unclear
2bdcbc46,Sam,Reset link says expired immediately after I click it,"Reset link says expired immediately after I click it. This has happened every time I try to reset, not just once. Checked spam folder, nothing there.",Account Access,urgent,web_form,2026-06-12T01:38:00,2026-06-12T21:38:00,"Resolved after troubleshooting with customer; workaround provided, underlying issue not yet fixed in product.",2,rc_password_reset_loop
3d41beb5,Riley,Reset link says expired immediately after I click it,"Reset link says expired immediately after I click it. This has happened every time I try to reset, not just once. Checked spam folder, nothing there.",Account Access,urgent,chat,2026-05-17T17:36:00,2026-05-19T17:36:00,"Resolved after troubleshooting with customer; workaround provided, underlying issue not yet fixed in product.",3,rc_password_reset_loop
2a3988a5,Priya,Billed for a plan I already cancelled,"Billed for a plan I already cancelled. Can you explain this line item, it doesn't match what we agreed on the call.",Billing,high,chat,2026-04-21T22:45:00,2026-04-22T21:45:00,"Resolved after troubleshooting with customer; workaround provided, underlying issue not yet fixed in product.",1,rc_invoice_confusion
51730c5f,Omar,Billed for a plan I already cancelled,"Billed for a plan I already cancelled. Can you explain this line item, it doesn't match what we agreed on the call.",Billing,medium,web_form,2026-05-10T08:14:00,2026-05-11T00:14:00,"Resolved after troubleshooting with customer; workaround provided, underlying issue not yet fixed in product.",1,rc_invoice_confusion
c50b5611,Casey,"Locked out of my account, reset flow is broken","Locked out of my account, reset flow is broken. This has happened every time I try to reset, not just once. Checked spam folder, nothing there.",Account Access,high,web_form,2026-05-09T18:38:00,2026-05-10T08:38:00,"Resolved after troubleshooting with customer; workaround provided, underlying issue not yet fixed in product.",3,rc_password_reset_loop
3c6bbc70,Noah,API key seems valid but every request fails,API key seems valid but every request fails. This broke our production integration with no warning.,Technical / Bug,high,email,2026-04-15T08:49:00,2026-04-18T06:49:00,"Resolved after troubleshooting with customer; workaround provided, underlying issue not yet fixed in product.",4,rc_api_rate_limit_unclear
6b8f2c1e,Grace,"Getting way too many notification emails, please stop","Getting way too many notification emails, please stop. I've tried unsubscribing multiple times through the link in the email itself.",Product Feedback,urgent,email,2026-06-08T04:10:00,2026-06-09T22:10:00,"Resolved after troubleshooting with customer; workaround provided, underlying issue not yet fixed in product.",4,rc_notification_spam
20f94dd5,Taylor,Is there a Zapier integration,"Is there a Zapier integration. Just curious, not urgent.",General Inquiry,low,email,2026-05-25T20:00:00,2026-05-26T02:00:00,"Answered directly, no follow-up needed.",4,none
a1bc57a3,Elena,"Too many emails, I already turned these off once","Too many emails, I already turned these off once. I've tried unsubscribing multiple times through the link in the email itself.",Product Feedback,urgent,web_form,2026-05-15T14:02:00,2026-05-17T12:02:00,"Resolved after troubleshooting with customer; workaround provided, underlying issue not yet fixed in product.",4,rc_notification_spam
240d6717,Diego,Discount code not applying at checkout,"Discount code not applying at checkout. I double checked the code is correct, copy-pasted it directly from your email.",Billing,high,web_form,2026-05-12T09:24:00,2026-05-14T21:24:00,"Resolved after troubleshooting with customer; workaround provided, underlying issue not yet fixed in product.",2,rc_checkout_promo_fail
8455fcc0,Casey,"Export only includes data from the last 7 days, I need 90","Export only includes data from the last 7 days, I need 90. This is blocking our monthly reporting, need this fixed urgently.",Technical / Bug,urgent,email,2026-04-01T05:55:00,2026-04-02T00:55:00,"Resolved after troubleshooting with customer; workaround provided, underlying issue not yet fixed in product.",2,rc_export_missing_data
7135485c,Lucas,Checkout won't accept any promo code I try,"Checkout won't accept any promo code I try. I double checked the code is correct, copy-pasted it directly from your email.",Billing,medium,phone,2026-05-08T20:19:00,2026-05-11T10:19:00,"Resolved after troubleshooting with customer; workaround provided, underlying issue not yet fixed in product.",2,rc_checkout_promo_fail
ca8eee3d,Drew,Reset link takes me to an error page,"Reset link takes me to an error page. This has happened every time I try to reset, not just once. Checked spam folder, nothing there.",Account Access,low,web_form,2026-06-19T19:43:00,2026-06-22T19:43:00,"Resolved after troubleshooting with customer; workaround provided, underlying issue not yet fixed in product.",1,rc_password_reset_loop
a744cd22,Noah,Downloaded export file is empty,"Downloaded export file is empty. This is blocking our monthly reporting, need this fixed urgently.",Technical / Bug,high,phone,2026-06-06T15:40:00,2026-06-07T22:40:00,"Resolved after troubleshooting with customer; workaround provided, underlying issue not yet fixed in product.",1,rc_export_missing_data
f01913e8,Jordan,"Not sure how to set up my first project, no guidance","Not sure how to set up my first project, no guidance. Would help to have a clearer walkthrough, I almost gave up.",Onboarding,low,phone,2026-04-05T05:26:00,2026-04-06T04:26:00,"Resolved after troubleshooting with customer; workaround provided, underlying issue not yet fixed in product.",3,rc_onboarding_confusion
25b1a567,Alex,Exported report doesn't match what I see in the dashboard,"Exported report doesn't match what I see in the dashboard. This is blocking our monthly reporting, need this fixed urgently.",Technical / Bug,medium,email,2026-06-16T01:28:00,2026-06-16T08:28:00,"Resolved after troubleshooting with customer; workaround provided, underlying issue not yet fixed in product.",3,rc_export_missing_data
d89ae8b3,Riley,"Too many emails, I already turned these off once","Too many emails, I already turned these off once. I've tried unsubscribing multiple times through the link in the email itself.",Product Feedback,urgent,phone,2026-05-28T01:29:00,2026-05-28T18:29:00,"Resolved after troubleshooting with customer; workaround provided, underlying issue not yet fixed in product.",3,rc_notification_spam
ae8fd999,Morgan,Invoice total doesn't match what the pricing page says,"Invoice total doesn't match what the pricing page says. Can you explain this line item, it doesn't match what we agreed on the call.",Billing,urgent,email,2026-04-24T22:49:00,2026-04-25T20:49:00,"Resolved after troubleshooting with customer; workaround provided, underlying issue not yet fixed in product.",3,rc_invoice_confusion
31ec605a,Sam,Applied WELCOME20 and got charged full price anyway,"Applied WELCOME20 and got charged full price anyway. I double checked the code is correct, copy-pasted it directly from your email.",Billing,medium,chat,2026-06-15T22:22:00,2026-06-18T05:22:00,"Resolved after troubleshooting with customer; workaround provided, underlying issue not yet fixed in product.",2,rc_checkout_promo_fail
7f70a7be,Omar,Photo upload freezes and then app quits,"Photo upload freezes and then app quits. Happens on every attempt, only on mobile, works fine on the website.",Technical / Bug,low,phone,2026-04-29T08:27:00,2026-05-01T23:27:00,"Resolved after troubleshooting with customer; workaround provided, underlying issue not yet fixed in product.",2,rc_mobile_upload_crash
9a77bb3e,Sam,Export button spins forever and never downloads anything,"Export button spins forever and never downloads anything. This is blocking our monthly reporting, need this fixed urgently.",Technical / Bug,urgent,chat,2026-06-14T17:50:00,2026-06-14T23:50:00,"Resolved after troubleshooting with customer; workaround provided, underlying issue not yet fixed in product.",2,rc_export_missing_data
76b6b540,Alex,Billed for a plan I already cancelled,"Billed for a plan I already cancelled. Can you explain this line item, it doesn't match what we agreed on the call.",Billing,medium,email,2026-06-24T20:06:00,2026-06-26T15:06:00,"Resolved after troubleshooting with customer; workaround provided, underlying issue not yet fixed in product.",2,rc_invoice_confusion
ed25c4ed,Ines,Upload gets stuck at 6% then app force closes,"Upload gets stuck at 6% then app force closes. Happens on every attempt, only on mobile, works fine on the website.",Technical / Bug,high,chat,2026-05-26T23:37:00,2026-05-28T10:37:00,"Resolved after troubleshooting with customer; workaround provided, underlying issue not yet fixed in product.",1,rc_mobile_upload_crash
82f767a1,Jordan,Checkout won't accept any promo code I try,"Checkout won't accept any promo code I try. I double checked the code is correct, copy-pasted it directly from your email.",Billing,medium,email,2026-05-21T08:52:00,2026-05-21T09:52:00,"Resolved after troubleshooting with customer; workaround provided, underlying issue not yet fixed in product.",1,rc_checkout_promo_fail
e6876d25,Omar,"Can't log in, reset password page just spins forever","Can't log in, reset password page just spins forever. This has happened every time I try to reset, not just once. Checked spam folder, nothing there.",Account Access,low,phone,2026-06-20T05:51:00,2026-06-20T23:51:00,"Resolved after troubleshooting with customer; workaround provided, underlying issue not yet fixed in product.",1,rc_password_reset_loop
dea53a3b,Cameron,Reset link says expired immediately after I click it,"Reset link says expired immediately after I click it. This has happened every time I try to reset, not just once. Checked spam folder, nothing there.",Account Access,high,email,2026-04-02T22:34:00,2026-04-03T15:34:00,"Resolved after troubleshooting with customer; workaround provided, underlying issue not yet fixed in product.",1,rc_password_reset_loop
280b13d3,Grace,Billed for a plan I already cancelled,"Billed for a plan I already cancelled. Can you explain this line item, it doesn't match what we agreed on the call.",Billing,high,email,2026-05-13T21:07:00,2026-05-16T03:07:00,"Resolved after troubleshooting with customer; workaround provided, underlying issue not yet fixed in product.",3,rc_invoice_confusion
12e3777f,Noah,"Password reset email never arrives, tried 4 times","Password reset email never arrives, tried 4 times. This has happened every time I try to reset, not just once. Checked spam folder, nothing there.",Account Access,medium,web_form,2026-05-11T22:26:00,2026-05-14T03:26:00,"Resolved after troubleshooting with customer; workaround provided, underlying issue not yet fixed in product.",3,rc_password_reset_loop
2972f993,Elena,Mobile app closes itself when I attach a file,"Mobile app closes itself when I attach a file. Happens on every attempt, only on mobile, works fine on the website.",Technical / Bug,high,chat,2026-05-23T21:31:00,2026-05-24T15:31:00,"Resolved after troubleshooting with customer; workaround provided, underlying issue not yet fixed in product.",2,rc_mobile_upload_crash
dfd6893b,Lucas,"Integration broke overnight, API returns errors now","Integration broke overnight, API returns errors now. This broke our production integration with no warning.",Technical / Bug,urgent,chat,2026-06-21T14:45:00,2026-06-22T10:45:00,"Resolved after troubleshooting with customer; workaround provided, underlying issue not yet fixed in product.",4,rc_api_rate_limit_unclear
e2a7b9da,Jamie,Charged for 5 seats but we only have 1 users,"Charged for 5 seats but we only have 1 users. Can you explain this line item, it doesn't match what we agreed on the call.",Billing,low,email,2026-06-22T22:31:00,2026-06-25T08:31:00,"Resolved after troubleshooting with customer; workaround provided, underlying issue not yet fixed in product.",2,rc_invoice_confusion
20d3df64,Lucas,Upload gets stuck at 5% then app force closes,"Upload gets stuck at 5% then app force closes. Happens on every attempt, only on mobile, works fine on the website.",Technical / Bug,medium,web_form,2026-05-19T02:43:00,2026-05-22T00:43:00,"Resolved after troubleshooting with customer; workaround provided, underlying issue not yet fixed in product.",1,rc_mobile_upload_crash
39f84184,Grace,"Password reset email never arrives, tried 3 times","Password reset email never arrives, tried 3 times. This has happened every time I try to reset, not just once. Checked spam folder, nothing there.",Account Access,medium,phone,2026-05-06T07:34:00,2026-05-07T20:34:00,"Resolved after troubleshooting with customer; workaround provided, underlying issue not yet fixed in product.",3,rc_password_reset_loop
62758dcc,Diego,Mobile app closes itself when I attach a file,"Mobile app closes itself when I attach a file. Happens on every attempt, only on mobile, works fine on the website.",Technical / Bug,high,phone,2026-06-19T20:37:00,2026-06-22T19:37:00,"Resolved after troubleshooting with customer; workaround provided, underlying issue not yet fixed in product.",3,rc_mobile_upload_crash
4df079fb,Morgan,Billed for a plan I already cancelled,"Billed for a plan I already cancelled. Can you explain this line item, it doesn't match what we agreed on the call.",Billing,medium,web_form,2026-04-04T20:38:00,2026-04-06T03:38:00,"Resolved after troubleshooting with customer; workaround provided, underlying issue not yet fixed in product.",3,rc_invoice_confusion
91528489,Priya,Discount code not applying at checkout,"Discount code not applying at checkout. I double checked the code is correct, copy-pasted it directly from your email.",Billing,urgent,phone,2026-06-13T20:17:00,2026-06-16T02:17:00,"Resolved after troubleshooting with customer; workaround provided, underlying issue not yet fixed in product.",1,rc_checkout_promo_fail
08b7d17a,Omar,Checkout won't accept any promo code I try,"Checkout won't accept any promo code I try. I double checked the code is correct, copy-pasted it directly from your email.",Billing,high,chat,2026-05-30T08:12:00,2026-05-30T23:12:00,"Resolved after troubleshooting with customer; workaround provided, underlying issue not yet fixed in product.",4,rc_checkout_promo_fail
123490c8,Morgan,App crashes every time I try to upload a photo,"App crashes every time I try to upload a photo. Happens on every attempt, only on mobile, works fine on the website.",Technical / Bug,medium,phone,2026-04-15T03:15:00,2026-04-18T00:15:00,"Resolved after troubleshooting with customer; workaround provided, underlying issue not yet fixed in product.",3,rc_mobile_upload_crash
6effe07f,Noah,Applied WELCOME20 and got charged full price anyway,"Applied WELCOME20 and got charged full price anyway. I double checked the code is correct, copy-pasted it directly from your email.",Billing,medium,email,2026-04-18T23:34:00,2026-04-21T14:34:00,"Resolved after troubleshooting with customer; workaround provided, underlying issue not yet fixed in product.",3,rc_checkout_promo_fail
378a3201,Jordan,Applied SPRING25 and got charged full price anyway,"Applied SPRING25 and got charged full price anyway. I double checked the code is correct, copy-pasted it directly from your email.",Billing,urgent,web_form,2026-06-10T09:04:00,2026-06-12T11:04:00,"Resolved after troubleshooting with customer; workaround provided, underlying issue not yet fixed in product.",3,rc_checkout_promo_fail
8a149faa,Riley,"Can't attach images on the iOS app, it just crashes","Can't attach images on the iOS app, it just crashes. Happens on every attempt, only on mobile, works fine on the website.",Technical / Bug,high,phone,2026-04-18T16:13:00,2026-04-21T16:13:00,"Resolved after troubleshooting with customer; workaround provided, underlying issue not yet fixed in product.",3,rc_mobile_upload_crash
b65f77f6,Jordan,Photo upload freezes and then app quits,"Photo upload freezes and then app quits. Happens on every attempt, only on mobile, works fine on the website.",Technical / Bug,high,chat,2026-05-04T17:59:00,2026-05-06T23:59:00,"Resolved after troubleshooting with customer; workaround provided, underlying issue not yet fixed in product.",2,rc_mobile_upload_crash
d181dc22,Ines,"Coupon SAVE10 worked yesterday, now it says expired","Coupon SAVE10 worked yesterday, now it says expired. I double checked the code is correct, copy-pasted it directly from your email.",Billing,medium,email,2026-04-24T04:30:00,2026-04-25T22:30:00,"Resolved after troubleshooting with customer; workaround provided, underlying issue not yet fixed in product.",2,rc_checkout_promo_fail
09e8ade8,Taylor,"Not sure how to set up my first project, no guidance","Not sure how to set up my first project, no guidance. Would help to have a clearer walkthrough, I almost gave up.",Onboarding,high,web_form,2026-04-04T01:20:00,2026-04-04T09:20:00,"Resolved after troubleshooting with customer; workaround provided, underlying issue not yet fixed in product.",2,rc_onboarding_confusion
27262833,Ines,"Password reset email never arrives, tried 5 times","Password reset email never arrives, tried 5 times. This has happened every time I try to reset, not just once. Checked spam folder, nothing there.",Account Access,medium,web_form,2026-04-06T22:27:00,2026-04-06T23:27:00,"Resolved after troubleshooting with customer; workaround provided, underlying issue not yet fixed in product.",3,rc_password_reset_loop
704e904a,Fatima,Billed for a plan I already cancelled,"Billed for a plan I already cancelled. Can you explain this line item, it doesn't match what we agreed on the call.",Billing,urgent,chat,2026-05-14T17:22:00,2026-05-16T03:22:00,"Resolved after troubleshooting with customer; workaround provided, underlying issue not yet fixed in product.",2,rc_invoice_confusion
9b7ef290,Riley,Applied SAVE10 and got charged full price anyway,"Applied SAVE10 and got charged full price anyway. I double checked the code is correct, copy-pasted it directly from your email.",Billing,urgent,web_form,2026-05-06T11:41:00,2026-05-09T05:41:00,"Resolved after troubleshooting with customer; workaround provided, underlying issue not yet fixed in product.",1,rc_checkout_promo_fail
55c67fd3,Casey,Photo upload freezes and then app quits,"Photo upload freezes and then app quits. Happens on every attempt, only on mobile, works fine on the website.",Technical / Bug,urgent,phone,2026-04-01T00:19:00,2026-04-03T12:19:00,"Resolved after troubleshooting with customer; workaround provided, underlying issue not yet fixed in product.",2,rc_mobile_upload_crash
1c6f5704,Taylor,Promo code LOYAL15 says invalid but it's active on your site,"Promo code LOYAL15 says invalid but it's active on your site. I double checked the code is correct, copy-pasted it directly from your email.",Billing,low,chat,2026-05-17T08:06:00,2026-05-18T01:06:00,"Resolved after troubleshooting with customer; workaround provided, underlying issue not yet fixed in product.",3,rc_checkout_promo_fail
ad8cbf83,Jordan,Discount code not applying at checkout,"Discount code not applying at checkout. I double checked the code is correct, copy-pasted it directly from your email.",Billing,medium,phone,2026-04-10T21:14:00,2026-04-12T07:14:00,"Resolved after troubleshooting with customer; workaround provided, underlying issue not yet fixed in product.",1,rc_checkout_promo_fail
a1398209,Omar,"Too many emails, I already turned these off once","Too many emails, I already turned these off once. I've tried unsubscribing multiple times through the link in the email itself.",Product Feedback,high,web_form,2026-05-31T01:40:00,2026-06-02T03:40:00,"Resolved after troubleshooting with customer; workaround provided, underlying issue not yet fixed in product.",4,rc_notification_spam
62295ea7,Cameron,"Can't log in, reset password page just spins forever","Can't log in, reset password page just spins forever. This has happened every time I try to reset, not just once. Checked spam folder, nothing there.",Account Access,high,web_form,2026-06-24T15:14:00,2026-06-25T05:14:00,"Resolved after troubleshooting with customer; workaround provided, underlying issue not yet fixed in product.",1,rc_password_reset_loop
4a8f115b,Fatima,Question about enterprise pricing tiers,"Question about enterprise pricing tiers. Just curious, not urgent.",General Inquiry,low,phone,2026-05-17T10:00:00,2026-05-17T19:00:00,"Answered directly, no follow-up needed.",5,none
c9557c48,Grace,Feature request: dark mode for reports,"Feature request: dark mode for reports. Just curious, not urgent.",General Inquiry,low,phone,2026-04-13T04:00:00,2026-04-13T12:00:00,"Answered directly, no follow-up needed.",5,none
e3bd5b4b,Priya,App crashes every time I try to upload a photo,"App crashes every time I try to upload a photo. Happens on every attempt, only on mobile, works fine on the website.",Technical / Bug,medium,web_form,2026-06-26T12:18:00,2026-06-27T21:18:00,"Resolved after troubleshooting with customer; workaround provided, underlying issue not yet fixed in product.",1,rc_mobile_upload_crash
f102b1b8,Grace,Setup wizard closed itself before I finished,"Setup wizard closed itself before I finished. Would help to have a clearer walkthrough, I almost gave up.",Onboarding,medium,chat,2026-06-04T16:26:00,2026-06-05T13:26:00,"Resolved after troubleshooting with customer; workaround provided, underlying issue not yet fixed in product.",2,rc_onboarding_confusion
e947da44,Riley,Why was I charged twice this month?,"Why was I charged twice this month?. Can you explain this line item, it doesn't match what we agreed on the call.",Billing,high,web_form,2026-05-06T19:34:00,2026-05-07T17:34:00,"Resolved after troubleshooting with customer; workaround provided, underlying issue not yet fixed in product.",2,rc_invoice_confusion
a5977d44,Fatima,CSV export is missing half my records,"CSV export is missing half my records. This is blocking our monthly reporting, need this fixed urgently.",Technical / Bug,medium,chat,2026-05-11T03:53:00,2026-05-12T22:53:00,"Resolved after troubleshooting with customer; workaround provided, underlying issue not yet fixed in product.",1,rc_export_missing_data
1163fce0,Sam,Request to change account email address,"Request to change account email address. Just curious, not urgent.",General Inquiry,low,web_form,2026-05-21T18:00:00,2026-05-23T11:00:00,"Answered directly, no follow-up needed.",5,none
76419aa7,Jamie,Getting 429 errors with no explanation of why,Getting 429 errors with no explanation of why. This broke our production integration with no warning.,Technical / Bug,high,email,2026-04-21T12:43:00,2026-04-24T05:43:00,"Resolved after troubleshooting with customer; workaround provided, underlying issue not yet fixed in product.",4,rc_api_rate_limit_unclear
21afc980,Wei,"API suddenly stopped working, no error message that makes sense","API suddenly stopped working, no error message that makes sense. This broke our production integration with no warning.",Technical / Bug,high,web_form,2026-05-24T05:12:00,2026-05-24T22:12:00,"Resolved after troubleshooting with customer; workaround provided, underlying issue not yet fixed in product.",2,rc_api_rate_limit_unclear
132385b3,Casey,Notification settings reset themselves every login,Notification settings reset themselves every login. I've tried unsubscribing multiple times through the link in the email itself.,Product Feedback,low,chat,2026-05-14T08:56:00,2026-05-15T20:56:00,"Resolved after troubleshooting with customer; workaround provided, underlying issue not yet fixed in product.",1,rc_notification_spam
55f22ca7,Alex,Billed for a plan I already cancelled,"Billed for a plan I already cancelled. Can you explain this line item, it doesn't match what we agreed on the call.",Billing,urgent,phone,2026-06-14T19:41:00,2026-06-16T13:41:00,"Resolved after troubleshooting with customer; workaround provided, underlying issue not yet fixed in product.",3,rc_invoice_confusion
6599b12c,Cameron,Mobile app closes itself when I attach a file,"Mobile app closes itself when I attach a file. Happens on every attempt, only on mobile, works fine on the website.",Technical / Bug,urgent,web_form,2026-05-11T09:32:00,2026-05-13T12:32:00,"Resolved after troubleshooting with customer; workaround provided, underlying issue not yet fixed in product.",1,rc_mobile_upload_crash
92566097,Sam,Billed for a plan I already cancelled,"Billed for a plan I already cancelled. Can you explain this line item, it doesn't match what we agreed on the call.",Billing,urgent,web_form,2026-06-25T20:10:00,2026-06-26T03:10:00,"Resolved after troubleshooting with customer; workaround provided, underlying issue not yet fixed in product.",4,rc_invoice_confusion
c009e984,Jordan,Rate limit hit but docs don't say what the actual limit is,Rate limit hit but docs don't say what the actual limit is. This broke our production integration with no warning.,Technical / Bug,low,chat,2026-06-24T20:09:00,2026-06-27T12:09:00,"Resolved after troubleshooting with customer; workaround provided, underlying issue not yet fixed in product.",3,rc_api_rate_limit_unclear
5885feb0,Lucas,"Coupon WELCOME20 worked yesterday, now it says expired","Coupon WELCOME20 worked yesterday, now it says expired. I double checked the code is correct, copy-pasted it directly from your email.",Billing,high,phone,2026-05-13T13:44:00,2026-05-16T05:44:00,"Resolved after troubleshooting with customer; workaround provided, underlying issue not yet fixed in product.",3,rc_checkout_promo_fail
b0bd026e,Cameron,Feedback on the new dashboard layout,"Feedback on the new dashboard layout. Just curious, not urgent.",General Inquiry,low,chat,2026-06-28T00:00:00,2026-06-29T19:00:00,"Answered directly, no follow-up needed.",5,none
059a907d,Drew,Discount code not applying at checkout,"Discount code not applying at checkout. I double checked the code is correct, copy-pasted it directly from your email.",Billing,low,web_form,2026-06-24T06:41:00,2026-06-24T09:41:00,"Resolved after troubleshooting with customer; workaround provided, underlying issue not yet fixed in product.",2,rc_checkout_promo_fail
900eb9de,Riley,Rate limit hit but docs don't say what the actual limit is,Rate limit hit but docs don't say what the actual limit is. This broke our production integration with no warning.,Technical / Bug,urgent,phone,2026-05-08T10:07:00,2026-05-08T11:07:00,"Resolved after troubleshooting with customer; workaround provided, underlying issue not yet fixed in product.",2,rc_api_rate_limit_unclear
6f9bdb26,Taylor,Setup wizard closed itself before I finished,"Setup wizard closed itself before I finished. Would help to have a clearer walkthrough, I almost gave up.",Onboarding,high,email,2026-06-17T19:38:00,2026-06-19T22:38:00,"Resolved after troubleshooting with customer; workaround provided, underlying issue not yet fixed in product.",4,rc_onboarding_confusion
6efab9c9,Grace,"Export only includes data from the last 7 days, I need 90","Export only includes data from the last 7 days, I need 90. This is blocking our monthly reporting, need this fixed urgently.",Technical / Bug,medium,chat,2026-05-23T01:17:00,2026-05-23T18:17:00,"Resolved after troubleshooting with customer; workaround provided, underlying issue not yet fixed in product.",2,rc_export_missing_data
65a8c63a,Grace,"Password reset email never arrives, tried 3 times","Password reset email never arrives, tried 3 times. This has happened every time I try to reset, not just once. Checked spam folder, nothing there.",Account Access,high,chat,2026-05-01T09:07:00,2026-05-02T09:07:00,"Resolved after troubleshooting with customer; workaround provided, underlying issue not yet fixed in product.",3,rc_password_reset_loop
85a9cf57,Grace,Can I get a demo for my team,"Can I get a demo for my team. Just curious, not urgent.",General Inquiry,low,email,2026-05-31T02:00:00,2026-05-31T04:00:00,"Answered directly, no follow-up needed.",4,none
1812daf6,Sam,Notification settings reset themselves every login,Notification settings reset themselves every login. I've tried unsubscribing multiple times through the link in the email itself.,Product Feedback,medium,phone,2026-06-10T20:37:00,2026-06-11T20:37:00,"Resolved after troubleshooting with customer; workaround provided, underlying issue not yet fixed in product.",3,rc_notification_spam
5051153f,Noah,Upload gets stuck at 4% then app force closes,"Upload gets stuck at 4% then app force closes. Happens on every attempt, only on mobile, works fine on the website.",Technical / Bug,urgent,chat,2026-05-12T06:44:00,2026-05-13T13:44:00,"Resolved after troubleshooting with customer; workaround provided, underlying issue not yet fixed in product.",3,rc_mobile_upload_crash
01a82dee,Cameron,Wondering if there's a student discount,"Wondering if there's a student discount. Just curious, not urgent.",General Inquiry,low,chat,2026-06-18T19:00:00,2026-06-18T23:00:00,"Answered directly, no follow-up needed.",4,none
e0f0fae2,Grace,Promo code SPRING25 says invalid but it's active on your site,"Promo code SPRING25 says invalid but it's active on your site. I double checked the code is correct, copy-pasted it directly from your email.",Billing,high,web_form,2026-05-30T14:02:00,2026-05-30T22:02:00,"Resolved after troubleshooting with customer; workaround provided, underlying issue not yet fixed in product.",1,rc_checkout_promo_fail
ed3b3ea6,Morgan,"Locked out of my account, reset flow is broken","Locked out of my account, reset flow is broken. This has happened every time I try to reset, not just once. Checked spam folder, nothing there.",Account Access,low,chat,2026-04-10T00:29:00,2026-04-10T13:29:00,"Resolved after troubleshooting with customer; workaround provided, underlying issue not yet fixed in product.",3,rc_password_reset_loop
6b570acf,Ines,"Can't attach images on the iOS app, it just crashes","Can't attach images on the iOS app, it just crashes. Happens on every attempt, only on mobile, works fine on the website.",Technical / Bug,urgent,email,2026-06-21T21:59:00,2026-06-24T11:59:00,"Resolved after troubleshooting with customer; workaround provided, underlying issue not yet fixed in product.",1,rc_mobile_upload_crash
6a69ebbf,Noah,"Can't log in, reset password page just spins forever","Can't log in, reset password page just spins forever. This has happened every time I try to reset, not just once. Checked spam folder, nothing there.",Account Access,urgent,chat,2026-06-14T15:10:00,2026-06-17T11:10:00,"Resolved after troubleshooting with customer; workaround provided, underlying issue not yet fixed in product.",4,rc_password_reset_loop
086b4f52,Jordan,"Password reset email never arrives, tried 6 times","Password reset email never arrives, tried 6 times. This has happened every time I try to reset, not just once. Checked spam folder, nothing there.",Account Access,high,web_form,2026-04-22T05:20:00,2026-04-23T10:20:00,"Resolved after troubleshooting with customer; workaround provided, underlying issue not yet fixed in product.",1,rc_password_reset_loop
dd0a17ac,Priya,Photo upload freezes and then app quits,"Photo upload freezes and then app quits. Happens on every attempt, only on mobile, works fine on the website.",Technical / Bug,high,email,2026-04-30T21:53:00,2026-05-01T00:53:00,"Resolved after troubleshooting with customer; workaround provided, underlying issue not yet fixed in product.",2,rc_mobile_upload_crash
a6c8da40,Riley,"Can't log in, reset password page just spins forever","Can't log in, reset password page just spins forever. This has happened every time I try to reset, not just once. Checked spam folder, nothing there.",Account Access,urgent,phone,2026-05-05T03:51:00,2026-05-07T03:51:00,"Resolved after troubleshooting with customer; workaround provided, underlying issue not yet fixed in product.",4,rc_password_reset_loop
99accd46,Ines,Downloaded export file is empty,"Downloaded export file is empty. This is blocking our monthly reporting, need this fixed urgently.",Technical / Bug,urgent,phone,2026-04-05T04:45:00,2026-04-06T23:45:00,"Resolved after troubleshooting with customer; workaround provided, underlying issue not yet fixed in product.",2,rc_export_missing_data
e371ecf1,Omar,"Coupon FLASH30 worked yesterday, now it says expired","Coupon FLASH30 worked yesterday, now it says expired. I double checked the code is correct, copy-pasted it directly from your email.",Billing,high,chat,2026-06-26T17:24:00,2026-06-28T20:24:00,"Resolved after troubleshooting with customer; workaround provided, underlying issue not yet fixed in product.",2,rc_checkout_promo_fail
ddd35e3f,Cameron,Charged for 3 seats but we only have 2 users,"Charged for 3 seats but we only have 2 users. Can you explain this line item, it doesn't match what we agreed on the call.",Billing,low,web_form,2026-06-18T00:57:00,2026-06-18T11:57:00,"Resolved after troubleshooting with customer; workaround provided, underlying issue not yet fixed in product.",2,rc_invoice_confusion
7b7aa6c7,Lucas,Question about enterprise pricing tiers,"Question about enterprise pricing tiers. Just curious, not urgent.",General Inquiry,low,chat,2026-06-29T10:00:00,2026-06-29T18:00:00,"Answered directly, no follow-up needed.",5,none
90a28cf4,Wei,Mobile app closes itself when I attach a file,"Mobile app closes itself when I attach a file. Happens on every attempt, only on mobile, works fine on the website.",Technical / Bug,high,email,2026-05-17T03:43:00,2026-05-19T03:43:00,"Resolved after troubleshooting with customer; workaround provided, underlying issue not yet fixed in product.",3,rc_mobile_upload_crash
1549e5d5,Priya,Upload gets stuck at 5% then app force closes,"Upload gets stuck at 5% then app force closes. Happens on every attempt, only on mobile, works fine on the website.",Technical / Bug,medium,phone,2026-06-05T17:06:00,2026-06-07T10:06:00,"Resolved after troubleshooting with customer; workaround provided, underlying issue not yet fixed in product.",1,rc_mobile_upload_crash
20ba5636,Jamie,Downloaded export file is empty,"Downloaded export file is empty. This is blocking our monthly reporting, need this fixed urgently.",Technical / Bug,high,phone,2026-04-29T20:04:00,2026-05-02T08:04:00,"Resolved after troubleshooting with customer; workaround provided, underlying issue not yet fixed in product.",1,rc_export_missing_data
88561b0b,Noah,Checkout won't accept any promo code I try,"Checkout won't accept any promo code I try. I double checked the code is correct, copy-pasted it directly from your email.",Billing,low,phone,2026-06-14T13:40:00,2026-06-17T04:40:00,"Resolved after troubleshooting with customer; workaround provided, underlying issue not yet fixed in product.",2,rc_checkout_promo_fail
73690047,Morgan,"Integration broke overnight, API returns errors now","Integration broke overnight, API returns errors now. This broke our production integration with no warning.",Technical / Bug,urgent,email,2026-06-16T15:37:00,2026-06-18T19:37:00,"Resolved after troubleshooting with customer; workaround provided, underlying issue not yet fixed in product.",2,rc_api_rate_limit_unclear
cc564bf0,Drew,Discount code not applying at checkout,"Discount code not applying at checkout. I double checked the code is correct, copy-pasted it directly from your email.",Billing,high,email,2026-05-18T09:10:00,2026-05-20T18:10:00,"Resolved after troubleshooting with customer; workaround provided, underlying issue not yet fixed in product.",4,rc_checkout_promo_fail
e257c6df,Lucas,Charged for 2 seats but we only have 1 users,"Charged for 2 seats but we only have 1 users. Can you explain this line item, it doesn't match what we agreed on the call.",Billing,medium,chat,2026-06-15T13:24:00,2026-06-15T14:24:00,"Resolved after troubleshooting with customer; workaround provided, underlying issue not yet fixed in product.",2,rc_invoice_confusion
a0ff3aa7,Sam,Asking about data residency for EU customers,"Asking about data residency for EU customers. Just curious, not urgent.",General Inquiry,low,chat,2026-05-25T22:00:00,2026-05-27T00:00:00,"Answered directly, no follow-up needed.",5,none
eb401bdd,Cameron,Mobile app closes itself when I attach a file,"Mobile app closes itself when I attach a file. Happens on every attempt, only on mobile, works fine on the website.",Technical / Bug,medium,phone,2026-06-09T02:08:00,2026-06-09T22:08:00,"Resolved after troubleshooting with customer; workaround provided, underlying issue not yet fixed in product.",4,rc_mobile_upload_crash
fd6f76f2,Riley,Feature request: dark mode for reports,"Feature request: dark mode for reports. Just curious, not urgent.",General Inquiry,low,chat,2026-05-10T02:00:00,2026-05-11T11:00:00,"Answered directly, no follow-up needed.",5,none
8d8c18c8,Morgan,Checkout won't accept any promo code I try,"Checkout won't accept any promo code I try. I double checked the code is correct, copy-pasted it directly from your email.",Billing,high,chat,2026-04-27T18:13:00,2026-04-29T00:13:00,"Resolved after troubleshooting with customer; workaround provided, underlying issue not yet fixed in product.",3,rc_checkout_promo_fail
f3433b9c,Drew,Setup wizard closed itself before I finished,"Setup wizard closed itself before I finished. Would help to have a clearer walkthrough, I almost gave up.",Onboarding,urgent,web_form,2026-05-30T02:09:00,2026-05-31T07:09:00,"Resolved after troubleshooting with customer; workaround provided, underlying issue not yet fixed in product.",1,rc_onboarding_confusion
4606725b,Morgan,Reset link takes me to an error page,"Reset link takes me to an error page. This has happened every time I try to reset, not just once. Checked spam folder, nothing there.",Account Access,low,chat,2026-05-07T07:19:00,2026-05-07T23:19:00,"Resolved after troubleshooting with customer; workaround provided, underlying issue not yet fixed in product.",3,rc_password_reset_loop
6efb68bf,Cameron,My invoice shows a charge I don't recognize,"My invoice shows a charge I don't recognize. Can you explain this line item, it doesn't match what we agreed on the call.",Billing,urgent,phone,2026-04-06T07:30:00,2026-04-06T17:30:00,"Resolved after troubleshooting with customer; workaround provided, underlying issue not yet fixed in product.",4,rc_invoice_confusion
0b99633b,Taylor,Exported report doesn't match what I see in the dashboard,"Exported report doesn't match what I see in the dashboard. This is blocking our monthly reporting, need this fixed urgently.",Technical / Bug,medium,phone,2026-06-17T04:48:00,2026-06-17T14:48:00,"Resolved after troubleshooting with customer; workaround provided, underlying issue not yet fixed in product.",3,rc_export_missing_data
0dcefba0,Jordan,Getting 429 errors with no explanation of why,Getting 429 errors with no explanation of why. This broke our production integration with no warning.,Technical / Bug,medium,email,2026-06-10T15:03:00,2026-06-10T17:03:00,"Resolved after troubleshooting with customer; workaround provided, underlying issue not yet fixed in product.",3,rc_api_rate_limit_unclear
34aef4b8,Diego,Asking about data residency for EU customers,"Asking about data residency for EU customers. Just curious, not urgent.",General Inquiry,low,email,2026-04-15T07:00:00,2026-04-16T15:00:00,"Answered directly, no follow-up needed.",5,none
c4c48bb5,Omar,Onboarding checklist is stuck at step 2 for no reason,"Onboarding checklist is stuck at step 2 for no reason. Would help to have a clearer walkthrough, I almost gave up.",Onboarding,low,chat,2026-06-26T19:38:00,2026-06-27T01:38:00,"Resolved after troubleshooting with customer; workaround provided, underlying issue not yet fixed in product.",3,rc_onboarding_confusion
d7d31f9b,Jordan,Getting 429 errors with no explanation of why,Getting 429 errors with no explanation of why. This broke our production integration with no warning.,Technical / Bug,medium,email,2026-04-18T20:14:00,2026-04-19T05:14:00,"Resolved after troubleshooting with customer; workaround provided, underlying issue not yet fixed in product.",2,rc_api_rate_limit_unclear
ffa95045,Sam,"Coupon SAVE10 worked yesterday, now it says expired","Coupon SAVE10 worked yesterday, now it says expired. I double checked the code is correct, copy-pasted it directly from your email.",Billing,high,phone,2026-05-09T16:19:00,2026-05-11T21:19:00,"Resolved after troubleshooting with customer; workaround provided, underlying issue not yet fixed in product.",4,rc_checkout_promo_fail
22822d15,Morgan,Upload gets stuck at 4% then app force closes,"Upload gets stuck at 4% then app force closes. Happens on every attempt, only on mobile, works fine on the website.",Technical / Bug,high,phone,2026-04-19T02:10:00,2026-04-21T10:10:00,"Resolved after troubleshooting with customer; workaround provided, underlying issue not yet fixed in product.",2,rc_mobile_upload_crash
3e106719,Lucas,"Not sure how to set up my first project, no guidance","Not sure how to set up my first project, no guidance. Would help to have a clearer walkthrough, I almost gave up.",Onboarding,high,web_form,2026-05-08T10:06:00,2026-05-08T21:06:00,"Resolved after troubleshooting with customer; workaround provided, underlying issue not yet fixed in product.",2,rc_onboarding_confusion
2fc4453e,Omar,Checkout won't accept any promo code I try,"Checkout won't accept any promo code I try. I double checked the code is correct, copy-pasted it directly from your email.",Billing,urgent,email,2026-06-27T01:02:00,2026-06-27T14:02:00,"Resolved after troubleshooting with customer; workaround provided, underlying issue not yet fixed in product.",1,rc_checkout_promo_fail
da0902c4,Elena,Question about enterprise pricing tiers,"Question about enterprise pricing tiers. Just curious, not urgent.",General Inquiry,low,web_form,2026-06-18T20:00:00,2026-06-19T07:00:00,"Answered directly, no follow-up needed.",5,none
33cfba3d,Noah,Getting 429 errors with no explanation of why,Getting 429 errors with no explanation of why. This broke our production integration with no warning.,Technical / Bug,urgent,email,2026-06-20T15:38:00,2026-06-21T17:38:00,"Resolved after troubleshooting with customer; workaround provided, underlying issue not yet fixed in product.",2,rc_api_rate_limit_unclear
500a7075,Jamie,Wondering if there's a student discount,"Wondering if there's a student discount. Just curious, not urgent.",General Inquiry,low,phone,2026-04-10T04:00:00,2026-04-11T18:00:00,"Answered directly, no follow-up needed.",4,none
6effe8a0,Sam,"Requested a new password 6 times, nothing in my inbox","Requested a new password 6 times, nothing in my inbox. This has happened every time I try to reset, not just once. Checked spam folder, nothing there.",Account Access,low,phone,2026-05-29T15:20:00,2026-05-29T16:20:00,"Resolved after troubleshooting with customer; workaround provided, underlying issue not yet fixed in product.",4,rc_password_reset_loop
ae715ae1,Jamie,Checkout won't accept any promo code I try,"Checkout won't accept any promo code I try. I double checked the code is correct, copy-pasted it directly from your email.",Billing,low,email,2026-05-04T01:08:00,2026-05-06T07:08:00,"Resolved after troubleshooting with customer; workaround provided, underlying issue not yet fixed in product.",3,rc_checkout_promo_fail
9526a157,Diego,"Requested a new password 6 times, nothing in my inbox","Requested a new password 6 times, nothing in my inbox. This has happened every time I try to reset, not just once. Checked spam folder, nothing there.",Account Access,low,chat,2026-05-28T03:51:00,2026-05-29T23:51:00,"Resolved after troubleshooting with customer; workaround provided, underlying issue not yet fixed in product.",1,rc_password_reset_loop
2366be1d,Noah,Export button spins forever and never downloads anything,"Export button spins forever and never downloads anything. This is blocking our monthly reporting, need this fixed urgently.",Technical / Bug,medium,email,2026-06-20T21:58:00,2026-06-22T10:58:00,"Resolved after troubleshooting with customer; workaround provided, underlying issue not yet fixed in product.",3,rc_export_missing_data
501b9c10,Elena,Billed for a plan I already cancelled,"Billed for a plan I already cancelled. Can you explain this line item, it doesn't match what we agreed on the call.",Billing,high,phone,2026-06-04T07:39:00,2026-06-04T13:39:00,"Resolved after troubleshooting with customer; workaround provided, underlying issue not yet fixed in product.",4,rc_invoice_confusion
fc252bb6,Drew,Downloaded export file is empty,"Downloaded export file is empty. This is blocking our monthly reporting, need this fixed urgently.",Technical / Bug,medium,chat,2026-05-29T17:09:00,2026-05-31T19:09:00,"Resolved after troubleshooting with customer; workaround provided, underlying issue not yet fixed in product.",1,rc_export_missing_data
bdf06f2a,Jamie,"Can't attach images on the iOS app, it just crashes","Can't attach images on the iOS app, it just crashes. Happens on every attempt, only on mobile, works fine on the website.",Technical / Bug,high,email,2026-05-18T09:24:00,2026-05-20T14:24:00,"Resolved after troubleshooting with customer; workaround provided, underlying issue not yet fixed in product.",4,rc_mobile_upload_crash
09060571,Elena,"Export only includes data from the last 7 days, I need 90","Export only includes data from the last 7 days, I need 90. This is blocking our monthly reporting, need this fixed urgently.",Technical / Bug,medium,phone,2026-05-08T18:43:00,2026-05-09T19:43:00,"Resolved after troubleshooting with customer; workaround provided, underlying issue not yet fixed in product.",3,rc_export_missing_data
65f92b63,Cameron,My invoice shows a charge I don't recognize,"My invoice shows a charge I don't recognize. Can you explain this line item, it doesn't match what we agreed on the call.",Billing,urgent,web_form,2026-04-20T12:45:00,2026-04-21T08:45:00,"Resolved after troubleshooting with customer; workaround provided, underlying issue not yet fixed in product.",2,rc_invoice_confusion
288a66e1,Casey,Charged for 5 seats but we only have 1 users,"Charged for 5 seats but we only have 1 users. Can you explain this line item, it doesn't match what we agreed on the call.",Billing,high,chat,2026-04-26T22:58:00,2026-04-27T15:58:00,"Resolved after troubleshooting with customer; workaround provided, underlying issue not yet fixed in product.",2,rc_invoice_confusion
b5d67b67,Grace,My invoice shows a charge I don't recognize,"My invoice shows a charge I don't recognize. Can you explain this line item, it doesn't match what we agreed on the call.",Billing,high,chat,2026-04-06T00:05:00,2026-04-06T06:05:00,"Resolved after troubleshooting with customer; workaround provided, underlying issue not yet fixed in product.",3,rc_invoice_confusion
2b956a72,Taylor,"Requested a new password 2 times, nothing in my inbox","Requested a new password 2 times, nothing in my inbox. This has happened every time I try to reset, not just once. Checked spam folder, nothing there.",Account Access,medium,chat,2026-04-26T14:22:00,2026-04-28T06:22:00,"Resolved after troubleshooting with customer; workaround provided, underlying issue not yet fixed in product.",1,rc_password_reset_loop
856e8ebf,Cameron,Checkout won't accept any promo code I try,"Checkout won't accept any promo code I try. I double checked the code is correct, copy-pasted it directly from your email.",Billing,medium,chat,2026-06-19T01:39:00,2026-06-19T14:39:00,"Resolved after troubleshooting with customer; workaround provided, underlying issue not yet fixed in product.",2,rc_checkout_promo_fail
b98300ba,Jamie,Setup wizard closed itself before I finished,"Setup wizard closed itself before I finished. Would help to have a clearer walkthrough, I almost gave up.",Onboarding,high,phone,2026-05-18T15:35:00,2026-05-21T11:35:00,"Resolved after troubleshooting with customer; workaround provided, underlying issue not yet fixed in product.",4,rc_onboarding_confusion
1ac64463,Jordan,"Integration broke overnight, API returns errors now","Integration broke overnight, API returns errors now. This broke our production integration with no warning.",Technical / Bug,urgent,web_form,2026-05-11T18:27:00,2026-05-13T22:27:00,"Resolved after troubleshooting with customer; workaround provided, underlying issue not yet fixed in product.",1,rc_api_rate_limit_unclear
5f0d7172,Priya,Photo upload freezes and then app quits,"Photo upload freezes and then app quits. Happens on every attempt, only on mobile, works fine on the website.",Technical / Bug,low,web_form,2026-04-20T05:48:00,2026-04-20T12:48:00,"Resolved after troubleshooting with customer; workaround provided, underlying issue not yet fixed in product.",3,rc_mobile_upload_crash
9d0658d9,Diego,Notification settings reset themselves every login,Notification settings reset themselves every login. I've tried unsubscribing multiple times through the link in the email itself.,Product Feedback,medium,chat,2026-06-16T17:01:00,2026-06-19T11:01:00,"Resolved after troubleshooting with customer; workaround provided, underlying issue not yet fixed in product.",2,rc_notification_spam
50f3156f,Casey,API key seems valid but every request fails,API key seems valid but every request fails. This broke our production integration with no warning.,Technical / Bug,low,web_form,2026-05-13T12:48:00,2026-05-14T06:48:00,"Resolved after troubleshooting with customer; workaround provided, underlying issue not yet fixed in product.",1,rc_api_rate_limit_unclear
c41940bc,Noah,Billed for a plan I already cancelled,"Billed for a plan I already cancelled. Can you explain this line item, it doesn't match what we agreed on the call.",Billing,urgent,web_form,2026-05-13T21:54:00,2026-05-16T18:54:00,"Resolved after troubleshooting with customer; workaround provided, underlying issue not yet fixed in product.",4,rc_invoice_confusion
9e6ed3cb,Omar,"Coupon SPRING25 worked yesterday, now it says expired","Coupon SPRING25 worked yesterday, now it says expired. I double checked the code is correct, copy-pasted it directly from your email.",Billing,medium,web_form,2026-04-15T03:47:00,2026-04-18T02:47:00,"Resolved after troubleshooting with customer; workaround provided, underlying issue not yet fixed in product.",2,rc_checkout_promo_fail
9c1c474e,Taylor,Billed for a plan I already cancelled,"Billed for a plan I already cancelled. Can you explain this line item, it doesn't match what we agreed on the call.",Billing,high,phone,2026-04-14T19:27:00,2026-04-16T16:27:00,"Resolved after troubleshooting with customer; workaround provided, underlying issue not yet fixed in product.",3,rc_invoice_confusion
b0d3eff5,Lucas,Export button spins forever and never downloads anything,"Export button spins forever and never downloads anything. This is blocking our monthly reporting, need this fixed urgently.",Technical / Bug,medium,web_form,2026-04-27T21:45:00,2026-04-29T14:45:00,"Resolved after troubleshooting with customer; workaround provided, underlying issue not yet fixed in product.",3,rc_export_missing_data
46a6ff3d,Jamie,API key seems valid but every request fails,API key seems valid but every request fails. This broke our production integration with no warning.,Technical / Bug,urgent,chat,2026-06-11T13:29:00,2026-06-12T19:29:00,"Resolved after troubleshooting with customer; workaround provided, underlying issue not yet fixed in product.",2,rc_api_rate_limit_unclear
9b82c60f,Wei,Photo upload freezes and then app quits,"Photo upload freezes and then app quits. Happens on every attempt, only on mobile, works fine on the website.",Technical / Bug,high,web_form,2026-05-31T10:58:00,2026-06-01T13:58:00,"Resolved after troubleshooting with customer; workaround provided, underlying issue not yet fixed in product.",3,rc_mobile_upload_crash
0eebb408,Drew,"Requested a new password 4 times, nothing in my inbox","Requested a new password 4 times, nothing in my inbox. This has happened every time I try to reset, not just once. Checked spam folder, nothing there.",Account Access,medium,phone,2026-05-07T23:19:00,2026-05-10T14:19:00,"Resolved after troubleshooting with customer; workaround provided, underlying issue not yet fixed in product.",3,rc_password_reset_loop
778e9d79,Sam,Why was I charged twice this month?,"Why was I charged twice this month?. Can you explain this line item, it doesn't match what we agreed on the call.",Billing,medium,phone,2026-04-03T19:09:00,2026-04-05T02:09:00,"Resolved after troubleshooting with customer; workaround provided, underlying issue not yet fixed in product.",4,rc_invoice_confusion
0553ae70,Omar,Photo upload freezes and then app quits,"Photo upload freezes and then app quits. Happens on every attempt, only on mobile, works fine on the website.",Technical / Bug,urgent,web_form,2026-05-03T06:21:00,2026-05-03T17:21:00,"Resolved after troubleshooting with customer; workaround provided, underlying issue not yet fixed in product.",1,rc_mobile_upload_crash
aa88c7d3,Omar,"Can't attach images on the iOS app, it just crashes","Can't attach images on the iOS app, it just crashes. Happens on every attempt, only on mobile, works fine on the website.",Technical / Bug,urgent,web_form,2026-06-27T19:55:00,2026-06-28T06:55:00,"Resolved after troubleshooting with customer; workaround provided, underlying issue not yet fixed in product.",1,rc_mobile_upload_crash
dc148e3c,Grace,Billed for a plan I already cancelled,"Billed for a plan I already cancelled. Can you explain this line item, it doesn't match what we agreed on the call.",Billing,urgent,email,2026-06-05T14:31:00,2026-06-07T06:31:00,"Resolved after troubleshooting with customer; workaround provided, underlying issue not yet fixed in product.",1,rc_invoice_confusion
034bc6e1,Fatima,"Locked out of my account, reset flow is broken","Locked out of my account, reset flow is broken. This has happened every time I try to reset, not just once. Checked spam folder, nothing there.",Account Access,low,email,2026-06-19T17:01:00,2026-06-21T20:01:00,"Resolved after troubleshooting with customer; workaround provided, underlying issue not yet fixed in product.",4,rc_password_reset_loop
d8f70e6d,Wei,"Not sure how to set up my first project, no guidance","Not sure how to set up my first project, no guidance. Would help to have a clearer walkthrough, I almost gave up.",Onboarding,high,web_form,2026-05-25T06:31:00,2026-05-26T17:31:00,"Resolved after troubleshooting with customer; workaround provided, underlying issue not yet fixed in product.",2,rc_onboarding_confusion
e4e9b71d,Lucas,"How do I turn off notifications, settings page doesn't save","How do I turn off notifications, settings page doesn't save. I've tried unsubscribing multiple times through the link in the email itself.",Product Feedback,low,phone,2026-06-27T05:10:00,2026-06-28T04:10:00,"Resolved after troubleshooting with customer; workaround provided, underlying issue not yet fixed in product.",3,rc_notification_spam
280494b4,Omar,Exported report doesn't match what I see in the dashboard,"Exported report doesn't match what I see in the dashboard. This is blocking our monthly reporting, need this fixed urgently.",Technical / Bug,high,email,2026-05-06T23:37:00,2026-05-09T19:37:00,"Resolved after troubleshooting with customer; workaround provided, underlying issue not yet fixed in product.",2,rc_export_missing_data
4414ab23,Lucas,"Requested a new password 6 times, nothing in my inbox","Requested a new password 6 times, nothing in my inbox. This has happened every time I try to reset, not just once. Checked spam folder, nothing there.",Account Access,low,web_form,2026-05-05T06:48:00,2026-05-08T00:48:00,"Resolved after troubleshooting with customer; workaround provided, underlying issue not yet fixed in product.",3,rc_password_reset_loop
bcc63949,Lucas,Is there a Zapier integration,"Is there a Zapier integration. Just curious, not urgent.",General Inquiry,low,phone,2026-06-20T23:00:00,2026-06-21T09:00:00,"Answered directly, no follow-up needed.",4,none
070cf8bc,Drew,Applied SAVE10 and got charged full price anyway,"Applied SAVE10 and got charged full price anyway. I double checked the code is correct, copy-pasted it directly from your email.",Billing,medium,chat,2026-04-07T09:24:00,2026-04-09T15:24:00,"Resolved after troubleshooting with customer; workaround provided, underlying issue not yet fixed in product.",2,rc_checkout_promo_fail
3b882f23,Sam,Invoice total doesn't match what the pricing page says,"Invoice total doesn't match what the pricing page says. Can you explain this line item, it doesn't match what we agreed on the call.",Billing,high,phone,2026-05-12T06:29:00,2026-05-12T21:29:00,"Resolved after troubleshooting with customer; workaround provided, underlying issue not yet fixed in product.",3,rc_invoice_confusion
c828f2bd,Cameron,Export button spins forever and never downloads anything,"Export button spins forever and never downloads anything. This is blocking our monthly reporting, need this fixed urgently.",Technical / Bug,high,phone,2026-06-25T12:43:00,2026-06-26T11:43:00,"Resolved after troubleshooting with customer; workaround provided, underlying issue not yet fixed in product.",3,rc_export_missing_data
b68f257e,Alex,"Getting way too many notification emails, please stop","Getting way too many notification emails, please stop. I've tried unsubscribing multiple times through the link in the email itself.",Product Feedback,high,web_form,2026-05-24T14:21:00,2026-05-25T11:21:00,"Resolved after troubleshooting with customer; workaround provided, underlying issue not yet fixed in product.",4,rc_notification_spam
c7bd40de,Jordan,Promo code FLASH30 says invalid but it's active on your site,"Promo code FLASH30 says invalid but it's active on your site. I double checked the code is correct, copy-pasted it directly from your email.",Billing,urgent,email,2026-06-26T05:01:00,2026-06-27T00:01:00,"Resolved after troubleshooting with customer; workaround provided, underlying issue not yet fixed in product.",2,rc_checkout_promo_fail
329f46fc,Morgan,Applied LOYAL15 and got charged full price anyway,"Applied LOYAL15 and got charged full price anyway. I double checked the code is correct, copy-pasted it directly from your email.",Billing,urgent,web_form,2026-05-15T00:26:00,2026-05-15T07:26:00,"Resolved after troubleshooting with customer; workaround provided, underlying issue not yet fixed in product.",2,rc_checkout_promo_fail
7428da2f,Elena,"Integration broke overnight, API returns errors now","Integration broke overnight, API returns errors now. This broke our production integration with no warning.",Technical / Bug,high,email,2026-06-28T15:23:00,2026-07-01T10:23:00,"Resolved after troubleshooting with customer; workaround provided, underlying issue not yet fixed in product.",4,rc_api_rate_limit_unclear
0a50f64a,Casey,"Locked out of my account, reset flow is broken","Locked out of my account, reset flow is broken. This has happened every time I try to reset, not just once. Checked spam folder, nothing there.",Account Access,urgent,chat,2026-06-11T07:58:00,2026-06-11T23:58:00,"Resolved after troubleshooting with customer; workaround provided, underlying issue not yet fixed in product.",3,rc_password_reset_loop
6b4aa2c3,Jordan,"Can't log in, reset password page just spins forever","Can't log in, reset password page just spins forever. This has happened every time I try to reset, not just once. Checked spam folder, nothing there.",Account Access,medium,chat,2026-06-23T08:47:00,2026-06-25T22:47:00,"Resolved after troubleshooting with customer; workaround provided, underlying issue not yet fixed in product.",3,rc_password_reset_loop
f956b48d,Fatima,Export button spins forever and never downloads anything,"Export button spins forever and never downloads anything. This is blocking our monthly reporting, need this fixed urgently.",Technical / Bug,high,phone,2026-06-14T11:03:00,2026-06-14T18:03:00,"Resolved after troubleshooting with customer; workaround provided, underlying issue not yet fixed in product.",3,rc_export_missing_data
2aa45781,Cameron,"API suddenly stopped working, no error message that makes sense","API suddenly stopped working, no error message that makes sense. This broke our production integration with no warning.",Technical / Bug,medium,phone,2026-05-09T08:03:00,2026-05-12T08:03:00,"Resolved after troubleshooting with customer; workaround provided, underlying issue not yet fixed in product.",3,rc_api_rate_limit_unclear
30194f9a,Cameron,"Locked out of my account, reset flow is broken","Locked out of my account, reset flow is broken. This has happened every time I try to reset, not just once. Checked spam folder, nothing there.",Account Access,urgent,web_form,2026-05-27T11:37:00,2026-05-29T02:37:00,"Resolved after troubleshooting with customer; workaround provided, underlying issue not yet fixed in product.",3,rc_password_reset_loop
377da596,Riley,Checkout won't accept any promo code I try,"Checkout won't accept any promo code I try. I double checked the code is correct, copy-pasted it directly from your email.",Billing,low,chat,2026-05-07T16:42:00,2026-05-09T11:42:00,"Resolved after troubleshooting with customer; workaround provided, underlying issue not yet fixed in product.",4,rc_checkout_promo_fail
3286248b,Cameron,"Locked out of my account, reset flow is broken","Locked out of my account, reset flow is broken. This has happened every time I try to reset, not just once. Checked spam folder, nothing there.",Account Access,urgent,email,2026-04-18T02:28:00,2026-04-19T01:28:00,"Resolved after troubleshooting with customer; workaround provided, underlying issue not yet fixed in product.",4,rc_password_reset_loop
619e64ea,Fatima,"Coupon FLASH30 worked yesterday, now it says expired","Coupon FLASH30 worked yesterday, now it says expired. I double checked the code is correct, copy-pasted it directly from your email.",Billing,high,chat,2026-06-03T09:49:00,2026-06-04T15:49:00,"Resolved after troubleshooting with customer; workaround provided, underlying issue not yet fixed in product.",4,rc_checkout_promo_fail
a25eee0b,Grace,"API suddenly stopped working, no error message that makes sense","API suddenly stopped working, no error message that makes sense. This broke our production integration with no warning.",Technical / Bug,high,phone,2026-04-17T19:45:00,2026-04-18T06:45:00,"Resolved after troubleshooting with customer; workaround provided, underlying issue not yet fixed in product.",4,rc_api_rate_limit_unclear
3c0fff9f,Elena,Photo upload freezes and then app quits,"Photo upload freezes and then app quits. Happens on every attempt, only on mobile, works fine on the website.",Technical / Bug,low,web_form,2026-04-04T02:22:00,2026-04-07T01:22:00,"Resolved after troubleshooting with customer; workaround provided, underlying issue not yet fixed in product.",3,rc_mobile_upload_crash
5eca6b9a,Ines,"Coupon SAVE10 worked yesterday, now it says expired","Coupon SAVE10 worked yesterday, now it says expired. I double checked the code is correct, copy-pasted it directly from your email.",Billing,medium,phone,2026-06-29T03:54:00,2026-07-02T02:54:00,"Resolved after troubleshooting with customer; workaround provided, underlying issue not yet fixed in product.",3,rc_checkout_promo_fail
0804fa31,Wei,"Password reset email never arrives, tried 4 times","Password reset email never arrives, tried 4 times. This has happened every time I try to reset, not just once. Checked spam folder, nothing there.",Account Access,urgent,chat,2026-06-25T03:22:00,2026-06-28T03:22:00,"Resolved after troubleshooting with customer; workaround provided, underlying issue not yet fixed in product.",2,rc_password_reset_loop
194614f2,Elena,Reset link takes me to an error page,"Reset link takes me to an error page. This has happened every time I try to reset, not just once. Checked spam folder, nothing there.",Account Access,urgent,web_form,2026-06-23T07:19:00,2026-06-23T12:19:00,"Resolved after troubleshooting with customer; workaround provided, underlying issue not yet fixed in product.",2,rc_password_reset_loop
f9f6ca18,Fatima,"Password reset email never arrives, tried 4 times","Password reset email never arrives, tried 4 times. This has happened every time I try to reset, not just once. Checked spam folder, nothing there.",Account Access,high,email,2026-06-12T07:44:00,2026-06-13T12:44:00,"Resolved after troubleshooting with customer; workaround provided, underlying issue not yet fixed in product.",4,rc_password_reset_loop
687b4007,Taylor,"Too many emails, I already turned these off once","Too many emails, I already turned these off once. I've tried unsubscribing multiple times through the link in the email itself.",Product Feedback,medium,web_form,2026-05-18T05:38:00,2026-05-18T20:38:00,"Resolved after troubleshooting with customer; workaround provided, underlying issue not yet fixed in product.",1,rc_notification_spam
90fb3e70,Cameron,My invoice shows a charge I don't recognize,"My invoice shows a charge I don't recognize. Can you explain this line item, it doesn't match what we agreed on the call.",Billing,low,phone,2026-06-19T01:55:00,2026-06-20T23:55:00,"Resolved after troubleshooting with customer; workaround provided, underlying issue not yet fixed in product.",2,rc_invoice_confusion
52e14752,Omar,Discount code not applying at checkout,"Discount code not applying at checkout. I double checked the code is correct, copy-pasted it directly from your email.",Billing,low,phone,2026-05-09T00:13:00,2026-05-10T01:13:00,"Resolved after troubleshooting with customer; workaround provided, underlying issue not yet fixed in product.",2,rc_checkout_promo_fail
fbdeadd7,Cameron,Discount code not applying at checkout,"Discount code not applying at checkout. I double checked the code is correct, copy-pasted it directly from your email.",Billing,high,web_form,2026-05-01T12:36:00,2026-05-03T10:36:00,"Resolved after troubleshooting with customer; workaround provided, underlying issue not yet fixed in product.",1,rc_checkout_promo_fail
2f74a9c3,Priya,"Too many emails, I already turned these off once","Too many emails, I already turned these off once. I've tried unsubscribing multiple times through the link in the email itself.",Product Feedback,medium,web_form,2026-04-15T11:22:00,2026-04-17T22:22:00,"Resolved after troubleshooting with customer; workaround provided, underlying issue not yet fixed in product.",3,rc_notification_spam
0a8d70ac,Lucas,"Where do I invite my team, can't find the option","Where do I invite my team, can't find the option. Would help to have a clearer walkthrough, I almost gave up.",Onboarding,high,email,2026-04-06T07:13:00,2026-04-08T20:13:00,"Resolved after troubleshooting with customer; workaround provided, underlying issue not yet fixed in product.",1,rc_onboarding_confusion
27e2da53,Priya,Discount code not applying at checkout,"Discount code not applying at checkout. I double checked the code is correct, copy-pasted it directly from your email.",Billing,high,phone,2026-06-10T20:43:00,2026-06-12T16:43:00,"Resolved after troubleshooting with customer; workaround provided, underlying issue not yet fixed in product.",4,rc_checkout_promo_fail
b614dabf,Diego,Why was I charged twice this month?,"Why was I charged twice this month?. Can you explain this line item, it doesn't match what we agreed on the call.",Billing,low,web_form,2026-06-08T13:42:00,2026-06-10T13:42:00,"Resolved after troubleshooting with customer; workaround provided, underlying issue not yet fixed in product.",1,rc_invoice_confusion
4f91f719,Taylor,Upload gets stuck at 6% then app force closes,"Upload gets stuck at 6% then app force closes. Happens on every attempt, only on mobile, works fine on the website.",Technical / Bug,urgent,email,2026-06-25T09:02:00,2026-06-26T14:02:00,"Resolved after troubleshooting with customer; workaround provided, underlying issue not yet fixed in product.",1,rc_mobile_upload_crash
b2094bda,Omar,"Coupon SAVE10 worked yesterday, now it says expired","Coupon SAVE10 worked yesterday, now it says expired. I double checked the code is correct, copy-pasted it directly from your email.",Billing,urgent,phone,2026-04-02T18:18:00,2026-04-05T07:18:00,"Resolved after troubleshooting with customer; workaround provided, underlying issue not yet fixed in product.",2,rc_checkout_promo_fail
9710f8df,Jamie,Applied WELCOME20 and got charged full price anyway,"Applied WELCOME20 and got charged full price anyway. I double checked the code is correct, copy-pasted it directly from your email.",Billing,high,email,2026-05-30T20:16:00,2026-06-02T07:16:00,"Resolved after troubleshooting with customer; workaround provided, underlying issue not yet fixed in product.",3,rc_checkout_promo_fail
dd4ffc9f,Casey,Photo upload freezes and then app quits,"Photo upload freezes and then app quits. Happens on every attempt, only on mobile, works fine on the website.",Technical / Bug,low,phone,2026-05-09T22:09:00,2026-05-12T10:09:00,"Resolved after troubleshooting with customer; workaround provided, underlying issue not yet fixed in product.",3,rc_mobile_upload_crash
6cb2e294,Cameron,Promo code FLASH30 says invalid but it's active on your site,"Promo code FLASH30 says invalid but it's active on your site. I double checked the code is correct, copy-pasted it directly from your email.",Billing,urgent,chat,2026-05-19T10:28:00,2026-05-21T05:28:00,"Resolved after troubleshooting with customer; workaround provided, underlying issue not yet fixed in product.",2,rc_checkout_promo_fail
e8635ec0,Drew,API key seems valid but every request fails,API key seems valid but every request fails. This broke our production integration with no warning.,Technical / Bug,urgent,email,2026-05-11T00:13:00,2026-05-11T19:13:00,"Resolved after troubleshooting with customer; workaround provided, underlying issue not yet fixed in product.",2,rc_api_rate_limit_unclear
3a592a08,Elena,"Not sure how to set up my first project, no guidance","Not sure how to set up my first project, no guidance. Would help to have a clearer walkthrough, I almost gave up.",Onboarding,medium,email,2026-05-17T12:20:00,2026-05-19T00:20:00,"Resolved after troubleshooting with customer; workaround provided, underlying issue not yet fixed in product.",1,rc_onboarding_confusion
519f1bfc,Casey,"Integration broke overnight, API returns errors now","Integration broke overnight, API returns errors now. This broke our production integration with no warning.",Technical / Bug,urgent,chat,2026-04-16T08:49:00,2026-04-17T18:49:00,"Resolved after troubleshooting with customer; workaround provided, underlying issue not yet fixed in product.",3,rc_api_rate_limit_unclear
65683a94,Omar,"Password reset email never arrives, tried 6 times","Password reset email never arrives, tried 6 times. This has happened every time I try to reset, not just once. Checked spam folder, nothing there.",Account Access,low,web_form,2026-05-23T11:55:00,2026-05-25T18:55:00,"Resolved after troubleshooting with customer; workaround provided, underlying issue not yet fixed in product.",3,rc_password_reset_loop
e1694ecd,Taylor,Feature request: dark mode for reports,"Feature request: dark mode for reports. Just curious, not urgent.",General Inquiry,low,email,2026-04-30T12:00:00,2026-04-30T18:00:00,"Answered directly, no follow-up needed.",5,none
8bd436f8,Fatima,Feedback on the new dashboard layout,"Feedback on the new dashboard layout. Just curious, not urgent.",General Inquiry,low,web_form,2026-04-28T01:00:00,2026-04-28T05:00:00,"Answered directly, no follow-up needed.",5,none
ba005e31,Alex,"Not sure how to set up my first project, no guidance","Not sure how to set up my first project, no guidance. Would help to have a clearer walkthrough, I almost gave up.",Onboarding,low,email,2026-06-27T03:31:00,2026-06-29T12:31:00,"Resolved after troubleshooting with customer; workaround provided, underlying issue not yet fixed in product.",2,rc_onboarding_confusion
85b193a4,Jordan,CSV export is missing half my records,"CSV export is missing half my records. This is blocking our monthly reporting, need this fixed urgently.",Technical / Bug,urgent,email,2026-04-21T23:28:00,2026-04-24T22:28:00,"Resolved after troubleshooting with customer; workaround provided, underlying issue not yet fixed in product.",1,rc_export_missing_data
cb28441b,Riley,Checkout won't accept any promo code I try,"Checkout won't accept any promo code I try. I double checked the code is correct, copy-pasted it directly from your email.",Billing,urgent,email,2026-06-20T20:02:00,2026-06-22T12:02:00,"Resolved after troubleshooting with customer; workaround provided, underlying issue not yet fixed in product.",3,rc_checkout_promo_fail
3feaf45f,Sam,Onboarding checklist is stuck at step 2 for no reason,"Onboarding checklist is stuck at step 2 for no reason. Would help to have a clearer walkthrough, I almost gave up.",Onboarding,medium,email,2026-06-14T17:09:00,2026-06-17T01:09:00,"Resolved after troubleshooting with customer; workaround provided, underlying issue not yet fixed in product.",2,rc_onboarding_confusion
